{
    "local_cloud": {
        "time": "Mon, 05 Dec 2022 14:11:09 GMT",
        "bandwidth": {
            "value": 19.983761039293483,
            "min": 19.98350127040218,
            "max": 19.98406078102173,
            "mean": 19.98375904187849
        },
        "latency": {
            "value": 0.034,
            "min": 0.021,
            "max": 0.082,
            "mean": 0.030900000000000004
        },
        "jitter": {
            "value": 0.007607003469140472,
            "min": 0.006472635753904305,
            "max": 0.011796610084498286,
            "mean": 0.008376560475963706
        },
        "reliability": {
            "value": 100,
            "min": 100,
            "max": 100,
            "mean": 100.0
        },
        "interruption": {
            "value": 0,
            "min": 0,
            "max": 0,
            "mean": 0
        }
    },
    "cloud_local": {
        "time": 0,
        "bandwidth": {
            "value": 0,
            "min": 0,
            "max": 0,
            "mean": 0
        },
        "latency": {
            "value": 0,
            "min": 0,
            "max": 0,
            "mean": 0
        },
        "jitter": {
            "value": 0,
            "min": 0,
            "max": 0,
            "mean": 0
        },
        "reliability": {
            "value": 0,
            "min": 0,
            "max": 0,
            "mean": 0
        }
    },
    "end_to_end": {
        "time_slam": 0,
        "time_ai": 0,
        "time_total": 0
    }
}