{
    "local_cloud": {
        "time": "Mon, 21 Nov 2022 16:25:35 GMT",
        "bandwidth": {
            "value": 4980.509087272818,
            "min": 4382.746007779455,
            "max": 5859.51003126928,
            "mean": 5045.156349811391
        },
        "latency": {
            "value": 0.031,
            "min": 0.018,
            "max": 0.031,
            "mean": 0.022
        },
        "jitter": {
            "value": 0.000958371980584318,
            "min": 0.00023669665325879547,
            "max": 0.0118921740928457,
            "mean": 0.002190799335986254
        },
        "reliability": {
            "value": 97.3534098151689,
            "min": 97.3534098151689,
            "max": 99.71936876581807,
            "mean": 98.83178395559655
        },
        "interruption": {
            "value": 0,
            "min": 0,
            "max": 0,
            "mean": 0
        }
    },
    "cloud_local": {
        "time": 0,
        "bandwidth": {
            "value": 0,
            "min": 0,
            "max": 0,
            "mean": 0
        },
        "latency": {
            "value": 0,
            "min": 0,
            "max": 0,
            "mean": 0
        },
        "jitter": {
            "value": 0,
            "min": 0,
            "max": 0,
            "mean": 0
        },
        "reliability": {
            "value": 0,
            "min": 0,
            "max": 0,
            "mean": 0
        }
    },
    "end_to_end": {
        "time_slam": 0,
        "time_ai": 0,
        "time_total": 0
    }
}