{
    "local_cloud": {
        "time": "Thu, 01 Dec 2022 15:57:29 GMT",
        "bandwidth": {
            "value": 5200.0719989920135,
            "min": 0,
            "max": 5771.090746911038,
            "mean": 4400.409854173379
        },
        "latency": {
            "value": 0.039,
            "min": 0.035,
            "max": 0.063,
            "mean": 0.04814285714285714
        },
        "jitter": {
            "value": 0.0007522377566359737,
            "min": 0,
            "max": 0.0009901755064249706,
            "mean": 0.0006911699339284931
        },
        "reliability": {
            "value": 99.99810774499971,
            "min": 0,
            "max": 99.99810774499971,
            "mean": 85.66013789979206
        },
        "interruption": {
            "value": 0,
            "min": 0,
            "max": 0,
            "mean": 0
        }
    },
    "cloud_local": {
        "time": 0,
        "bandwidth": {
            "value": 0,
            "min": 0,
            "max": 0,
            "mean": 0
        },
        "latency": {
            "value": 0,
            "min": 0,
            "max": 0,
            "mean": 0
        },
        "jitter": {
            "value": 0,
            "min": 0,
            "max": 0,
            "mean": 0
        },
        "reliability": {
            "value": 0,
            "min": 0,
            "max": 0,
            "mean": 0
        }
    },
    "end_to_end": {
        "time_slam": 0,
        "time_ai": 0,
        "time_total": 0
    }
}