{
    "local_cloud": {
        "time": "Mon, 21 Nov 2022 14:08:50 GMT",
        "bandwidth": {
            "value": 4408.752228502636,
            "min": 3715.175242020886,
            "max": 5226.78516965974,
            "mean": 4666.665238177242
        },
        "latency": {
            "value": 0.027,
            "min": 0.018,
            "max": 0.032,
            "mean": 0.022199999999999998
        },
        "jitter": {
            "value": 0.009548573723937375,
            "min": 0.00031021074330187843,
            "max": 0.009548573723937375,
            "mean": 0.00217988284969141
        },
        "reliability": {
            "value": 98.07887868970482,
            "min": 97.79184022215102,
            "max": 99.52638229271055,
            "mean": 98.83000097108109
        },
        "interruption": {
            "value": 0,
            "min": 0,
            "max": 0,
            "mean": 0
        }
    },
    "cloud_local": {
        "time": 0,
        "bandwidth": {
            "value": 0,
            "min": 0,
            "max": 0,
            "mean": 0
        },
        "latency": {
            "value": 0,
            "min": 0,
            "max": 0,
            "mean": 0
        },
        "jitter": {
            "value": 0,
            "min": 0,
            "max": 0,
            "mean": 0
        },
        "reliability": {
            "value": 0,
            "min": 0,
            "max": 0,
            "mean": 0
        }
    },
    "end_to_end": {
        "time_slam": 0,
        "time_ai": 0,
        "time_total": 0
    }
}