{
    "local_cloud": {
        "time": "Tue, 06 Dec 2022 15:57:10 GMT",
        "bandwidth": {
            "value": 19.982881848760332,
            "min": 19.982522202202524,
            "max": 19.98380100433773,
            "mean": 19.98329746559171
        },
        "latency": {
            "value": 0,
            "min": 0,
            "max": 0,
            "mean": 0
        },
        "jitter": {
            "value": 0.11077679384309293,
            "min": 0.08655526554695765,
            "max": 0.5558741254905447,
            "mean": 0.31783229625791976
        },
        "reliability": {
            "value": 100,
            "min": 98.67060561299853,
            "max": 99.85228951255539,
            "mean": 99.42392909896604
        },
        "interruption": {
            "value": 0,
            "min": 0,
            "max": 0,
            "mean": 0
        }
    },
    "cloud_local": {
        "time": 0,
        "bandwidth": {
            "value": 0,
            "min": 0,
            "max": 0,
            "mean": 0
        },
        "latency": {
            "value": 0,
            "min": 0,
            "max": 0,
            "mean": 0
        },
        "jitter": {
            "value": 0,
            "min": 0,
            "max": 0,
            "mean": 0
        },
        "reliability": {
            "value": 0,
            "min": 0,
            "max": 0,
            "mean": 0
        }
    },
    "end_to_end": {
        "time_slam": 0,
        "time_ai": 0,
        "time_total": 0
    }
}