{
    "local_cloud": {
        "time": "Fri, 09 Dec 2022 15:03:42 GMT",
        "bandwidth": {
            "value": 19.6899624163717,
            "min": 19.6899624163717,
            "max": 19.98426061383606,
            "mean": 19.954191349453033
        },
        "latency": {
            "value": 0.034,
            "min": 0.028,
            "max": 0.069,
            "mean": 0.044800000000000006
        },
        "jitter": {
            "value": 0.31370672003233036,
            "min": 0.008754921581493434,
            "max": 0.31370672003233036,
            "mean": 0.05169366395034077
        },
        "reliability": {
            "value": 100,
            "min": 100,
            "max": 100,
            "mean": 100.0
        },
        "interruption": {
            "value": 0,
            "min": 0,
            "max": 0,
            "mean": 0
        }
    },
    "cloud_local": {
        "time": 0,
        "bandwidth": {
            "value": 0,
            "min": 0,
            "max": 0,
            "mean": 0
        },
        "latency": {
            "value": 0,
            "min": 0,
            "max": 0,
            "mean": 0
        },
        "jitter": {
            "value": 0,
            "min": 0,
            "max": 0,
            "mean": 0
        },
        "reliability": {
            "value": 0,
            "min": 0,
            "max": 0,
            "mean": 0
        }
    },
    "end_to_end": {
        "time_slam": 0,
        "time_ai": 0,
        "time_total": 0
    }
}