{
    "local_cloud": {
        "time": "Thu, 01 Dec 2022 15:13:07 GMT",
        "bandwidth": {
            "value": 5819.879101813472,
            "min": 5196.540041519502,
            "max": 5919.28306007432,
            "mean": 5592.6369360074505
        },
        "latency": {
            "value": 0.034,
            "min": 0.034,
            "max": 0.083,
            "mean": 0.05620000000000001
        },
        "jitter": {
            "value": 0.0010240662502814316,
            "min": 0.000651679131321908,
            "max": 0.0016013757839846478,
            "mean": 0.0010608169780250312
        },
        "reliability": {
            "value": 99.97463902884388,
            "min": 99.68775444509667,
            "max": 99.99451435410676,
            "mean": 99.934718213508
        },
        "interruption": {
            "value": 0,
            "min": 0,
            "max": 0,
            "mean": 0
        }
    },
    "cloud_local": {
        "time": "Thu, 01 Dec 2022 15:13:05 GMT",
        "bandwidth": {
            "value": 5832.75172320971,
            "min": 5196.540041519502,
            "max": 5919.28306007432,
            "mean": 5602.537011282294
        },
        "latency": {
            "value": 0,
            "min": 0,
            "max": 0,
            "mean": 0
        },
        "jitter": {
            "value": 0.0013743616341154534,
            "min": 0.000651679131321908,
            "max": 0.0016013757839846478,
            "mean": 0.0010365407775557835
        },
        "reliability": {
            "value": 96.13642951463815,
            "min": 99.68775444509667,
            "max": 99.99451435410676,
            "mean": 99.90856033536095
        }
    },
    "end_to_end": {
        "time_slam": 0,
        "time_ai": 0,
        "time_total": 0
    }
}