{
    "local_cloud": {
        "time": "Wed, 16 Nov 2022 10:13:31 GMT",
        "bandwidth": {
            "value": 5474.396456035441,
            "min": 2249.213566515103,
            "max": 5739.807083472497,
            "mean": 3877.903012140688
        },
        "latency": {
            "value": 0.046,
            "min": 0.021,
            "max": 0.047,
            "mean": 0.033800000000000004
        },
        "jitter": {
            "value": 0.0010035468349214195,
            "min": 0.0007275563487355845,
            "max": 0.0038676594146467816,
            "mean": 0.0017659001677654384
        },
        "reliability": {
            "value": 99.92063204435908,
            "min": 96.72293474160693,
            "max": 99.99481525007778,
            "mean": 98.97415728346532
        },
        "interruption": {
            "value": 0,
            "min": 0,
            "max": 0,
            "mean": 0
        }
    },
    "cloud_local": {
        "time": 0,
        "bandwidth": {
            "value": 0,
            "min": 0,
            "max": 0,
            "mean": 0
        },
        "latency": {
            "value": 0,
            "min": 0,
            "max": 0,
            "mean": 0
        },
        "jitter": {
            "value": 0,
            "min": 0,
            "max": 0,
            "mean": 0
        },
        "reliability": {
            "value": 0,
            "min": 0,
            "max": 0,
            "mean": 0
        }
    },
    "end_to_end": {
        "time_slam": 0,
        "time_ai": 0,
        "time_total": 0
    }
}