{
    "local_cloud": {
        "timestamp": 1675956196.575319,
        "throughput": {
            "value": 0,
            "min": 0,
            "max": 0,
            "mean": 0
        },
        "latency": {
            "value": 0.106,
            "min": 0.079,
            "max": 0.124,
            "mean": 0.10149999999999999
        },
        "reliability": {
            "value": 100.0,
            "min": 100.0,
            "max": 100.0,
            "mean": 100.0
        },
        "interruption": {
            "value": 12.139844,
            "min": 12.139844,
            "max": 12.139844,
            "mean": 12
        }
    }
}