{
    "local_cloud": {
        "timestamp": 1680684486.2140741,
        "throughput": {
            "value": 0,
            "min": 0,
            "max": 0,
            "mean": 0
        },
        "latency": {
            "value": 0.081,
            "min": 0.031,
            "max": 0.084,
            "mean": 0.0628
        },
        "reliability": {
            "value": 100.0,
            "min": 100.0,
            "max": 100.0,
            "mean": 100.0
        },
        "interruption": {
            "value": 47.589088,
            "min": 2.409258,
            "max": 47.589088,
            "mean": 24.999173
        }
    }
}